Unnamed: 0,CRIM,ZN,INDUS,CHAS,NOX,RM,AGE,DIS,RAD,TAX,PTRATIO,B,LSTAT,PRICE
0,34.90218353997807,62.53428893425564,17.787552057933908,0.0,0.7801724968222936,3.6945727212606356,7.347372947408301,8.35760645015812,19.0,326.0,20.533605902402435,376.99924232912974,24.500744579431544,24.6568963191404
1,52.31150961375352,51.2722969924169,17.729069936222402,0.0,0.42504633586731194,3.993010659069536,94.78558077724219,5.500548332101355,20.0,520.0,16.34669116318657,124.07489564116617,31.711490425955468,12.610083202595163
2,33.01668815389653,20.328104216363656,14.402205085167155,0.0,0.4845259485492809,5.612708129804082,5.904005201418939,4.2415754427314205,1.0,272.0,16.44524980550693,76.50370446050792,18.60619363191725,34.77968728999668
3,32.297567610177744,14.299417110607308,17.962575045032352,0.0,0.45368572661464096,6.183048739373042,45.20855271774083,1.9020940411597034,2.0,499.0,14.789404983353988,393.09049460072606,19.48861716719683,40.07218993866395
4,6.729216530359928,64.71473510656581,14.427545623245608,0.0,0.49030679435515967,7.701671990017239,4.54325324674915,4.79616814959974,23.0,304.0,15.900229040438912,376.01498271682385,5.695579764330566,30.953606487527647
5,32.94712508084334,1.5105384151359136,17.534761097397322,0.0,0.5783100778668613,5.593043213294037,90.96083849459718,2.676929753031291,5.0,248.0,21.130415148201152,133.0305167193112,24.68071018655757,18.384306655818932
6,7.941537320529653,2.037406202761228,9.56421680866517,0.0,0.5665545963430849,5.576293439857689,95.04304974830248,2.1528647384353854,4.0,277.0,16.601288344769305,367.08884192297523,31.936119934815196,38.69265029039614
7,81.42849684208575,29.050187669086434,11.690634730406408,0.0,0.6045035450357855,4.016916205008248,6.088177218875403,8.277490028096652,19.0,521.0,21.815017814181914,78.48021055520255,21.545754074781147,31.502159616002768
8,82.19935069096503,0.3066050881504717,12.229289990150093,0.0,0.6743900578256943,7.554992718240434,91.62215155284669,9.86723234252372,1.0,707.0,16.00650223320745,139.8717557938224,32.2320015195211,38.475423456632754
9,7.049985502223469,13.20492431281225,14.491237549468355,0.0,0.7890004312161748,5.543402977800716,95.03374064733434,3.5333153495845853,1.0,523.0,16.70531968735276,77.80651727882677,24.279422722286057,49.306823617602916
10,75.22195872111413,0.6322406687285993,17.061765560979104,0.0,0.8293760752500883,6.249241353846289,20.421549027797198,3.66030000789389,23.0,243.0,21.47926414187329,153.83723818077715,19.34877881038321,27.017222130016094
11,24.493886449982526,11.435441699976126,15.204497402110249,0.0,0.6531943346181337,8.258187738041963,91.89499059672492,2.335426866034238,18.0,291.0,16.815933766767753,381.0862427283071,22.580751843988477,24.200465418088807
12,32.399531959785016,4.148853136575172,14.854459458385518,0.0,0.7829534794405543,3.661771498930611,12.104172117644147,4.786243745776329,18.0,514.0,16.40884560567154,363.041329980148,23.721244397070503,24.577027407726906
13,83.44140246736819,0.2729128646777553,3.6352347398144795,0.0,0.7290117116022801,4.02241543109269,32.40820657802213,7.711161994664752,2.0,369.0,20.441169247511276,136.4245194089712,24.45224218837708,35.233094326846306
14,2.755433088267729,0.17484883631809578,14.898527811988355,0.0,0.568423211565705,7.38283912160674,6.803215205109637,4.552587113524718,4.0,480.0,14.725805419230127,339.4701816352924,24.777503275935075,49.8237265918419
15,1.1173618384692814,62.08933022398147,8.678490646090822,0.0,0.7773692733064411,7.423964919140342,81.3547561202943,7.600345456380206,22.0,500.0,21.858097436677554,124.65366232485898,19.718284045026806,25.06003482817279
16,4.052919267958377,82.45915479548133,11.549078376621086,0.0,0.4135431269752801,7.404995651717415,3.418427195006168,2.7200892023309926,23.0,245.0,21.02870405518962,62.79474086680038,19.045149277607415,31.99238392953776
17,84.45112729344065,84.31662591554101,20.0955722817164,0.0,0.43167712850319667,6.060914227395178,42.997173452776565,4.8299937682263,1.0,289.0,16.024635870736226,24.299477967321994,18.51852960953078,30.326589918605947
18,70.33797651302741,28.585943731725948,12.70293197438946,0.0,0.5463549168387059,8.34309948428608,84.05047801512583,8.008300318910486,19.0,325.0,21.004216739160093,141.70833542249872,29.840384116411293,48.238315480882996
19,84.09249181753479,3.366086762040671,17.524287242383032,0.0,0.5609947283060748,5.555317957460157,93.24188028986772,3.9133410629530148,1.0,706.0,21.572586640031073,66.68971486689942,22.9215433407108,24.387184538678408
20,85.90739560123164,60.75686886199893,16.932286263711244,0.0,0.625057179619369,6.190303166760953,4.942496828827798,4.574637508819713,23.0,506.0,16.37942461653001,136.60714861740965,23.989493705689544,48.581656687685644
21,74.4288761531447,64.93352962109341,9.687515399200258,0.0,0.42448059466538557,4.057540425981174,91.06216926469878,4.959342075490005,3.0,314.0,17.734790547042138,150.88107653462438,30.960118503024148,30.642615827440284
22,17.35027873099589,82.05570098143741,17.89388943994213,0.0,0.675278063963946,5.552387271528016,85.0648152996228,3.77456283411912,23.0,257.0,20.241696792548442,360.3984659250642,23.82356359502514,38.23761358533556
23,69.77642841722225,3.0569131759459243,9.700830165874583,0.0,0.7855348781041316,7.32929617041984,69.73531452237583,8.518161652843759,3.0,295.0,16.694004638342772,121.37106235664531,20.394442650054977,38.02117697248457
24,2.104295866871938,61.93341502766618,17.60479532389741,0.0,0.5037759902656663,4.70586957140479,74.20182448054963,3.872390200538129,3.0,369.0,18.81328976359833,79.59602619479848,20.225120906890176,13.67104847859688
25,31.593746719884876,10.235164579059202,17.776933078453947,0.0,0.5715861845185901,8.113980438317592,6.845765189998271,1.7901151724379472,4.0,513.0,16.63649610284655,124.29852004772589,22.19540846289561,49.568681588055234
26,1.9352137217901293,12.354446045240326,17.119156625129065,0.0,0.5561732959091823,6.818884647545273,79.48396074003422,4.020805591292862,15.0,245.0,16.51993409948324,144.80616978405973,9.054403343527818,48.85213083021897
27,82.79673903604292,60.75683876947418,15.0992126459794,0.0,0.560939058908424,5.600484135464125,18.01082342976982,4.694040238195768,4.0,288.0,21.869809493779282,63.48971613539885,31.512644679438083,41.23497058335257
28,26.31031419226247,10.16232731186972,19.305261318733933,0.0,0.7806423066398817,7.32316411546035,94.04463472955695,5.578778462381947,18.0,477.0,20.940060719992324,342.9458772907402,31.974734930658673,39.699889760867734
29,8.754756627390016,63.087002118405024,4.224594360862698,0.0,0.8265314054062908,3.8742939807416508,11.827011982747564,8.152833518349679,5.0,345.0,21.95409763024156,375.97273784535565,30.740733061099938,24.77604338838807
30,2.125968610065039,63.149831456091675,14.582122717127149,0.0,0.7795879429001779,8.32256415103597,74.49549970260622,6.651299715104012,23.0,259.0,20.967585012462578,126.65243645187903,31.023720923281292,41.82587743379733
31,70.58305602183258,25.526464123281826,17.634162260985267,0.0,0.4147927756076753,3.8819344694743987,34.37145617655197,8.23373605262472,23.0,242.0,14.69157535884915,365.44447860292854,30.909091874935115,45.145609341403784
32,14.51060047982477,62.74571883115888,14.957941483616139,0.0,0.7951437531055822,8.184058133573417,93.62269360146767,4.71722682505403,4.0,364.0,18.769837178051283,66.43654579679654,18.79729839403707,23.898023801299345
33,34.72693945830047,11.733339883199841,12.600704640388264,0.0,0.4205484406830956,5.069798365277253,3.3811675011543163,4.557261119042409,22.0,478.0,20.43555384170652,131.1075851951823,32.306411414885126,13.590320484215523
34,2.445197952477713,61.917070365824436,8.791330953152826,0.0,0.552099237501165,7.319312495371477,6.609752612253055,3.5959616764086855,1.0,500.0,20.326447338604865,367.64470285713753,23.96105697972871,38.20800757352889
35,31.208242418929437,28.88209949349839,17.965485663439956,0.0,0.4369533485680237,3.6115008110549254,91.56311581496584,1.882941535072316,1.0,688.0,16.693137973860463,144.291627859501,20.577659939816147,31.261053834763207
36,34.347379979239875,22.451598387621228,14.818058101751769,0.0,0.4959275192233134,4.863242547765946,35.84178865426892,4.13069391036119,23.0,307.0,16.824450788710504,359.3770113569618,31.363716103498003,9.515915443888474
37,32.91994213464341,64.40638307706121,17.317149660432843,0.0,0.5554272645789387,7.210442552945792,73.95430422661383,4.584208462910532,23.0,309.0,14.637343386333335,70.80634489118903,23.755195120153193,27.3329187373039
38,83.74852993177406,63.05059871453112,17.449442357637476,0.0,0.674906324259063,5.99923921830138,5.3691924829393525,3.9759218824546085,2.0,197.0,16.098527097839167,130.3464342176049,30.887366501462203,23.82565681065143
39,34.11805350676068,2.333278017265542,14.117234820541528,0.0,0.555236981879865,3.9932794930405544,92.89236329073321,7.423782783571275,4.0,504.0,17.461335748764295,60.9288748816663,31.11155143499382,34.458057265450535
40,0.006960414688181629,13.161563200276923,14.400180379940068,0.0,0.8318747558598127,5.426236310579081,90.65281806367794,5.879744827153171,4.0,488.0,17.45100759848893,145.8941956876854,18.11402383966293,25.278542767049494
41,6.650492177503798,21.68932689914376,14.990369304972758,0.0,0.5502785387961469,5.545143154297454,75.92355935477468,2.8235767571754606,19.0,484.0,16.003975993717827,127.70451485981299,29.622769607790385,36.18705178666847
42,39.45379774116299,60.621618962641264,17.729398417585067,0.0,0.7494971218892765,6.365555330937591,2.967191450809057,3.9735868168420283,8.0,342.0,16.525847559000855,128.88938299315538,30.286667493140385,37.441621882525226
43,1.0879926144395125,83.41264809346262,17.50276935455053,0.0,0.7742740866907801,6.854919647259708,21.230258679640546,6.800911212633726,19.0,664.0,16.53015462494854,125.59204193816504,18.54257471484604,37.81958277118583
44,32.59244765645559,83.11018721373328,4.488336501134744,0.0,0.5751252772581337,7.802071194099884,95.8173947677237,3.667948164211789,5.0,193.0,14.648460025769682,350.6867174882651,32.51439865581576,36.46555505923021
45,35.01806405320796,63.94283245686932,17.483968180781478,0.0,0.5674951374157506,6.051526945684223,81.17651703585933,3.75001565043638,9.0,255.0,16.335520841684232,373.1303382596953,9.891422153175268,45.353782890092575
46,0.8526822769559811,10.635545624735544,18.62021915162028,0.0,0.6046278230990998,5.623596471200485,4.766494324306187,3.5656285425668313,18.0,304.0,18.886342615594206,22.51504401700432,19.408552096996594,24.41715735204364
47,2.528964198711202,84.55891659064761,17.984373064662854,0.0,0.5739839982829321,4.047813275862911,46.48674792618952,5.616563410603001,18.0,247.0,21.538187030815248,385.43603744740386,24.503206226779774,31.395904448376186
48,1.0644145142759847,13.99670605710907,11.725491920377866,0.0,0.5578192286254758,7.2631102025911485,99.44616245121745,2.0525698029363606,1.0,243.0,19.16347806345956,92.87419938319226,22.69075570927661,37.94760662317641
49,4.310272601172375,4.584021477495502,14.924273374498851,0.0,0.5699588227509632,7.352782429227323,67.53601823406639,1.6570173814088096,2.0,497.0,16.163083550356845,71.55753470742022,24.89023478154895,23.943464712918054
50,34.71871705001469,84.36267360886734,9.603463314567616,0.0,0.5740133027517915,5.410541152855867,6.87924658766206,4.600513836175066,4.0,242.0,20.734854488955698,374.5411279789521,32.14341017654133,21.010987671374597
51,6.447603950713706,13.405032231785285,15.220793751415592,0.0,0.6686682595194908,6.028712539225251,76.13805259903963,4.503312450648008,1.0,499.0,16.733070904264874,374.50268024125603,5.726073002078566,34.715846072351965
52,84.88556874115605,64.05125424718679,20.627242975249267,0.0,0.4185309460903792,6.751457069725245,4.8004042038261785,4.895211867153924,3.0,683.0,15.900344732747929,130.1106293386961,31.013163504885615,37.17038190117388
53,1.42705625554675,2.592631582703166,18.7159019388207,0.0,0.4342425317747542,3.932329379417816,5.710001139036299,3.852237379695351,4.0,479.0,19.111665902849946,136.9000717458546,31.055713116955253,43.73163110151141
54,2.263701977509527,63.92744574680333,14.180721937333173,0.0,0.784401214417841,3.674178807756748,36.81822877401807,8.118406986214257,20.0,264.0,16.415844398049263,75.79988589316542,18.457532784991994,27.346341343169094
55,4.155726881740519,60.94563733928592,14.152224648519416,0.0,0.7474027759535632,5.539646745061766,66.25147227995733,5.663979003212449,4.0,247.0,16.371373115509858,122.27344101282023,18.18002784701498,36.96131489135155
56,31.63092117327744,13.91057053178647,17.81889196910714,0.0,0.5388900377808682,6.361436169075187,4.899451342795072,1.733204977232358,15.0,705.0,16.42738646830306,79.81950824316205,20.26987695677115,12.279700432316526
57,2.456632851666971,27.222898020281704,20.867747044238943,0.0,0.5611253968754235,6.005785249660782,70.47970868622237,5.721554557880334,20.0,693.0,19.102550900941843,345.0763804788438,20.570002401366995,24.565722543683066
58,16.494936192424397,23.783081106486826,9.112077570506045,0.0,0.7771492892618914,6.697248192290557,61.294049862578504,8.651750357810652,4.0,304.0,16.383843832973497,126.53251014601926,22.803827958466695,36.434213584122666
59,2.4395944030084245,62.27735118406094,11.973790113775001,0.0,0.7861991346565255,7.628722633345822,93.19854494960373,8.215964587511118,1.0,337.0,16.319478648762956,337.9718526950689,18.08798944878383,13.184567276254969
60,3.628645611504879,13.947793641388916,17.817988493471784,0.0,0.6166603630276727,6.0788742253483825,33.96905663563476,4.5606758221688395,3.0,254.0,16.497157639659914,373.3119070011716,22.77573095993855,48.40945534984927
61,2.4077233382897503,0.37207462401889385,14.99728181934469,0.0,0.5325750722904062,4.065482840891027,68.73510340802147,2.3872123015306816,19.0,495.0,16.452586471395904,89.87473513642843,32.008679101850426,13.584183958946586
62,35.43340798873318,50.223204527122064,17.182785386692363,0.0,0.41920853121024704,7.793945260981273,93.7047614035227,4.808026314385808,19.0,302.0,20.89786851219749,138.64669290418954,32.3374114437029,36.85175485194397
63,2.687822420519317,24.67144791185784,12.28804172966943,0.0,0.5711059593537406,6.262773560225533,92.26450623314769,3.8031775696507837,4.0,477.0,14.593938966603872,135.82132236715407,24.66233827525867,24.460312127483657
64,2.6184965012663257,62.43082550374368,14.515886900299458,0.0,0.6757750316496665,7.315381820492649,21.79591362764748,8.663744738597728,4.0,484.0,18.975661236486907,36.16742138505374,19.066066013945015,37.61174874764457
65,1.9833820504659287,14.505356998244523,14.58607218455062,0.0,0.7842864492577734,6.889746260964764,80.36499400698315,4.730881483858397,23.0,263.0,16.249033230430005,67.71912262530824,31.262096174843464,26.941874584523067
66,82.73179052603129,64.72391625941034,14.83589614837886,0.0,0.7843956586865275,8.390428704910224,85.36246208237489,4.940151003232456,4.0,287.0,19.023812954004704,375.9491559870034,20.542585382167232,37.59325861515587
67,1.7158141748909568,83.33255576227816,15.09887605583606,0.0,0.4207485555334147,5.3738940115143725,3.1613605645629375,4.794306547979927,8.0,499.0,20.73917018326223,351.55662115447495,19.149160276567834,44.64800913184404
68,82.63999208260643,62.85898413046737,14.306258912578704,0.0,0.5362683138368055,6.712930717928783,94.3528070138679,4.783701818810978,4.0,491.0,16.657664172106873,22.23178075933223,10.432681277046198,34.25686521971371
69,1.2946920845111163,61.07989692053405,14.129990555657969,0.0,0.5646945547009508,5.5888756496821745,21.729498532886435,4.010113029609203,3.0,484.0,16.655540005748914,130.27572574721316,31.353885891420937,13.648045133779792
70,85.3702121887261,60.46738109649504,19.04836005791757,0.0,0.49787993284160453,5.519569339642478,81.28594253455516,7.904851540587865,5.0,488.0,20.59974608548382,24.337641536787235,6.560529424440435,49.38046142162597
71,14.182467186067669,64.09697107541136,16.86150622049988,0.0,0.7834485387799603,4.81944316592935,46.31064019861708,3.8127093023462897,23.0,488.0,16.1065944375788,132.03341882636295,22.321119491112654,30.19442169113785
72,87.25362381400643,64.44386033815994,16.889329860336854,0.0,0.7393274306869294,5.4746232573110305,81.19713775983298,1.976012524513763,8.0,482.0,16.187380834017006,67.78697192906276,19.159664869056016,25.129248149485257
73,34.066923351964036,83.89697855347443,14.40795788664899,0.0,0.5754046495983941,8.00474280846818,86.44150985075105,4.551949687629842,3.0,498.0,21.70934296615788,358.0556722905597,30.802267933875036,27.476947857557423
74,51.05959925876778,83.49251216365812,17.719888055187276,0.0,0.846650612025736,5.369469135693087,7.538963483638568,5.745978178243577,15.0,346.0,20.195401160202035,137.12994332075925,18.221250159181665,37.91377074388931
75,0.40185422096426376,52.100555580374106,16.918767513243743,0.0,0.45510646431219604,5.109180357574484,84.6134522379448,4.556782316000445,18.0,484.0,20.54893925281514,38.38161157765194,30.103929857607643,45.130883576679864
76,3.3754382037454067,1.523084508084917,16.913121467042583,0.0,0.7828346580339884,6.178213711879126,93.08915601558925,8.201691449305198,4.0,292.0,20.595107014135912,131.91958094747704,15.967661184503413,45.4770232980463
77,3.906079547716872,10.567224478188544,15.425935185325612,0.0,0.434127969363913,5.534414535302221,4.293851755785028,2.0020210452106073,5.0,333.0,16.766679293447993,361.3626864769859,31.284194144100006,12.436204085541597
78,4.113634070060084,2.1269810916011758,17.40449854711667,0.0,0.44846199176791424,6.011242840614086,91.5169336791149,8.133385820824085,15.0,317.0,16.438350244229863,345.576849560415,24.815929138746824,43.66617853746664
79,3.7532984331256407,27.830064871238786,18.04527306596626,0.0,0.6638315822095056,7.790354572724095,77.68223756744678,4.0363431341870415,2.0,240.0,17.76595190740743,73.58120301481446,21.248929450015147,34.97823423823505
80,4.0013847650631185,4.61401731860325,8.93933912331157,0.0,0.4393595158227805,4.732505595161415,90.33366343266631,4.6167057915449785,23.0,287.0,20.548022483761212,141.42037367527362,30.845337603346316,27.425439026903085
81,8.561140695045419,64.67877384665476,17.421630776776098,0.0,0.6046793896082527,5.646812815272594,5.987758361935367,4.611959922412591,3.0,256.0,16.403160357056635,123.40229875003526,22.87713083440167,30.415655970854388
82,2.4091318840544025,27.078205982704567,14.588359923612343,0.0,0.5629141568070367,6.393462831063645,3.1456710555295264,1.8327436389637504,23.0,288.0,16.250791077803974,121.08897949019162,18.82651265188444,37.51459951388877
83,32.88645613169243,60.49605494049048,14.341340071151697,0.0,0.6716931329019058,6.0120246782231375,11.512052130274562,3.8984535024667353,3.0,311.0,16.203872140239795,375.7624328176899,14.777525315265944,40.665007758385876
84,34.28322697255193,83.86909366235722,14.548501185365614,0.0,0.7972280918673745,8.212547753231688,3.2361301357612255,5.7179494824626795,5.0,266.0,21.936381170796608,74.77627832904894,27.468368869823017,34.64931795066566
85,1.2292543975871222,63.67139670828558,18.17398949670141,0.0,0.7277918413794613,6.767674473992831,90.33978501684717,2.08381669758649,2.0,249.0,14.713303798139268,62.53202721366876,24.962601863049304,8.2712774553965
86,25.859315440025046,10.15350422975953,17.847329489360543,0.0,0.7951266377062892,7.371309531935714,91.67200974784885,2.4269451725696682,2.0,259.0,20.26668433044796,64.47964184764176,19.26479641470582,39.344137724268336
87,3.784583658434979,62.233592995669184,14.621959532805828,0.0,0.410483839410575,8.289180003498604,84.33141985739637,1.6763509407408883,4.0,262.0,21.901668159783142,132.3270054490612,18.772474752253423,8.193841669468103
88,35.127353476363766,63.43209052149279,17.386263968521508,0.0,0.5724374623986783,5.560764785961801,6.941640209766019,7.826092130656867,4.0,284.0,16.2361122678048,98.94359412979155,18.89467262806529,27.412063874889256
89,82.70293902613126,25.15067117276135,17.18774258917551,0.0,0.5557511358347251,5.5665330542620515,92.7529549099013,4.510922573722848,4.0,260.0,20.372099924961823,24.419845019904418,21.953737358954886,26.233966926885135
90,4.231119869323833,64.59641176700806,14.824743229608796,0.0,0.5653315072794509,3.8809409696303305,94.84543336258335,2.2471202492356346,19.0,497.0,16.823139241319993,76.62683144535106,7.146409494101355,29.888781255268828
91,33.72454777713177,14.811212432552097,15.103408748161614,0.0,0.5519466093750947,4.069130495939309,66.57098015783824,5.746180664920043,8.0,273.0,16.721653153511653,68.43739113659824,18.98904357585386,25.008651744806766
92,2.0082031097465243,53.6127138604442,17.76458598388382,0.0,0.5646525279873673,4.6010008751079035,77.33792522103482,8.502181725728475,3.0,247.0,21.29365618410761,136.2967379079985,29.044022441637626,27.179180987966447
93,51.876851605329435,25.39269269825902,14.73105437540556,0.0,0.8448669129188887,4.042182935983263,64.75437638516503,7.846711401430837,23.0,486.0,21.965130363329205,60.03318044079852,24.22199411987047,37.271705658422285
94,4.438150373838149,10.351647329381779,11.429204859720839,0.0,0.5724306419290206,7.308166003207055,4.466432921049712,7.978116494129075,8.0,240.0,16.597735283218483,70.16361341420979,32.31281759443927,23.11019355041919
95,4.084958019898343,61.796266574106184,4.444936648065002,0.0,0.5697816780233853,5.924402583925852,3.6015771577298255,1.2450994360307124,4.0,263.0,19.106261115629472,365.5435916641607,29.489972884863334,39.8624482067004
96,34.6748798768028,20.14688753878493,17.385785707423032,0.0,0.4132215108664445,6.726117058593406,10.56294151076228,4.8546475530599364,15.0,261.0,15.913477822725293,134.904947096452,6.6815405200473394,8.6918914386838
97,0.3686736854986117,21.739388636421697,18.724367654604272,0.0,0.782074047542564,7.587246164767853,3.19924552962941,3.808629073709073,5.0,296.0,20.651057138653826,138.3528549460022,23.619101867156843,12.737264106288627
98,82.80517396607499,60.04982120656483,8.648242196163208,0.0,0.4435896367919737,4.665697639707533,92.10099666547401,4.55182407491626,18.0,497.0,21.16008218506434,379.0884534538814,21.241064045634218,43.40155907530877
99,2.1679795639084216,64.87161756420484,14.288541920007729,0.0,0.4965419781984196,5.5848803219251,91.52253273118222,3.9427836823104125,19.0,484.0,16.46909129467726,134.23001519207062,19.147568393263946,29.96037027702509
100,33.9489846629364,24.095033495344314,12.557116061470927,0.0,0.5550037272930859,7.232482262319459,43.35094902953166,2.189703763985061,3.0,203.0,18.77600223503713,364.4390907443512,31.547147380634822,8.933991182095566
101,3.764953353434191,60.35258805739094,9.345006789191297,0.0,0.7806941468716598,5.467564626981405,19.82055968664125,4.635982118914384,5.0,488.0,21.07952068755196,136.77449761134736,23.82350767734859,35.453329845423816
102,50.020896506528445,64.4671754592393,17.82704112751973,0.0,0.4944365782472054,3.6917318191336457,92.89083538763892,4.9018681226135925,4.0,278.0,14.743021162398334,96.76633664396033,18.92457770532103,26.71165900474645
103,83.33323740975277,1.0359300902200985,3.3901009970951006,0.0,0.7964827841553782,5.714329379236316,3.3051100042090575,10.118795418951393,8.0,491.0,21.337286277663853,79.58436856598121,23.103319754517226,7.915197116532443
104,0.5234637777328653,11.02395399134675,20.00618957307776,0.0,0.7821937252884168,7.904993671780808,67.54688898831728,1.8102278205081639,23.0,264.0,17.641468991024258,367.34162628081805,5.44645065219429,23.98183523043751
105,32.12649537549331,53.36879572764417,9.789946263117645,0.0,0.7890750963307187,5.436534385178753,4.759855523730658,3.7735243393639513,19.0,303.0,16.64898207861062,129.1843548924961,29.36371498365788,35.017986796738285
106,34.68047558215667,4.6910026521535535,17.94737822288601,0.0,0.4522169963902688,5.391373906145716,4.855145915065838,7.826111231270074,4.0,188.0,16.572983676833637,64.01160993494167,18.56668487795641,35.72365620326345
107,32.62506306458674,20.615940606146186,17.164627381669632,0.0,0.546115554317868,8.248565535645719,78.05557164286432,4.823346123394638,2.0,497.0,20.801458587317704,120.30836234766686,14.947487735405108,44.27397511697057
108,3.6350856049658566,60.03592283626135,14.12997432056631,0.0,0.6706083655201636,6.821277316546704,82.64760867791661,6.74184431405948,23.0,265.0,20.12660974596384,77.76130734339011,15.624580099772315,30.000885270757557
109,80.52676395003618,61.84565073585013,15.200020951916201,0.0,0.4869553399057274,5.5139118762615125,71.22940391209586,4.796987613993678,4.0,496.0,16.64970771013466,61.95207690983991,3.414129059537709,11.027246451046514
110,5.10588885977545,60.12325007218078,17.05830322287377,0.0,0.5783633057904278,3.8355436267214826,91.35482084753197,5.914315816271082,3.0,244.0,16.658878162624774,68.37716332517698,31.791201416071516,11.690463168202358
111,83.18279565686689,63.02424118790265,15.1743974188529,0.0,0.4378986167064308,7.432205294035021,98.2730086854481,4.925477617654499,4.0,251.0,21.824095473993903,141.13468001322653,30.098833970350093,26.17790699921097
112,49.140977479495774,4.29517392113914,17.760511189563285,0.0,0.44778345257781077,7.299591571368571,94.31364928316793,2.7095720946570334,4.0,678.0,16.811998167632712,357.98447168249874,22.55544711861495,16.324089995742973
113,2.557263967081849,20.93495851211429,14.32958133306406,0.0,0.5622938354003189,7.7746786853532805,44.22304418442035,5.654161242143443,23.0,498.0,16.220539718757564,66.30748767179296,18.89285818552709,44.46877764381988
114,79.6789187812926,60.56195517915092,14.20705850996576,0.0,0.4490164795138503,4.523869732066936,91.00946132022159,4.787360898788687,23.0,524.0,20.219044421237445,81.9065942047321,21.15666297937944,22.184593841542334
115,6.831190456620021,61.72224803669305,18.093313822414004,0.0,0.5621739830940953,3.8254721579797986,3.2376044205413548,2.201153591503298,3.0,290.0,20.406989292731584,362.85395683421166,31.961583743514613,23.797258311825264
116,83.10680867266841,64.79585760303657,17.643506133894547,0.0,0.5655784845705933,7.2879231291992035,81.33686633022307,5.750986667423528,3.0,518.0,17.560344390408197,39.835084014892786,9.642406534257828,31.773801183713225
117,31.264538530874052,10.65078847214342,17.67437587604908,0.0,0.42587800792139985,3.990751653255498,63.02454890336263,8.268789313568227,4.0,688.0,16.67621884345171,64.57651971288324,6.223449316518094,25.139032278818824
118,82.90400528924167,4.832428898637303,17.452046099071104,0.0,0.5616383706384632,4.0676235732711135,5.641966230788612,3.671491774556875,2.0,303.0,16.639568360933676,75.42990794249964,18.16467485831229,35.30827361252944
119,33.84307081334914,61.81119934972425,3.392696813067601,0.0,0.42698738394348806,5.56505487431733,98.36996888239453,3.701022773042954,3.0,526.0,19.06599512669174,134.9377364668215,22.22050761510081,35.383791050900136
120,51.501877233600624,2.3642188658143586,17.649086961259144,0.0,0.5635291274485004,7.662548107919363,10.300764487082182,1.8241718347632976,23.0,269.0,16.575273132161836,358.5289236031314,3.0931243368117425,48.707736996904096
121,15.09209471011614,21.46315992982487,11.716373008371155,0.0,0.7770113931624612,5.915501505230068,78.46948616362845,4.66790469223082,1.0,290.0,16.62642457102439,27.913320049423515,8.943859401004797,40.29011143643337
122,81.72577730374144,64.68563422107735,19.291240310807925,0.0,0.7886990278212296,3.930166770371815,92.00009320274377,8.1442639549773,2.0,694.0,16.795055267025145,360.20010960957984,24.313623695741157,34.382633843874245
123,35.507600437304475,64.79073947493748,4.187428654354587,0.0,0.41332792010127595,5.89300828776129,64.39147299245543,2.11256507172366,3.0,700.0,16.48403795549012,125.73176789002291,20.651757118808426,25.93663483789898
124,4.616703760962468,3.177758111071256,14.137192440402078,0.0,0.6141630319462249,6.729628901884016,6.427580389430178,4.854928767576208,15.0,261.0,16.671367441449668,121.88071648419337,30.984251421587352,36.049758234672055
125,31.242027884271014,25.920227750875778,9.915824985155826,0.0,0.7834810571086669,5.984025450576872,92.2423188181714,1.7453239426205367,4.0,504.0,16.236834384030526,379.8057545157378,31.97132805830868,34.68810148620151
126,4.281288531842187,4.964723701994487,14.149535089917588,0.0,0.5326509029917272,6.231774603039763,21.421400080804602,1.9065976857884468,3.0,269.0,20.505951089244935,73.97280785851954,19.64799270047507,24.211131177618487
127,0.825540924046331,20.51290219773456,16.950240750885083,0.0,0.7424717070488704,4.432099873750634,98.75678999901764,4.685892748488578,4.0,697.0,16.629456004881813,60.88148029306141,18.154628856106687,16.739274448093283
128,31.696924895571097,62.9042469079704,14.499289941073389,0.0,0.790344012632155,7.899555257221417,94.68253206649014,7.649883869342242,19.0,525.0,16.81786860250066,69.25794718070792,31.895815468017393,30.008254676217778
129,0.939556595112459,10.782015300415043,8.849703558481272,0.0,0.7927004186223291,6.19194016597698,92.55606303768423,3.797321340079918,3.0,527.0,21.51257617858932,130.23505773908173,23.853058801617735,23.911015495773324
130,34.707894402711034,4.487864947321779,14.422101893098246,0.0,0.44684138932337536,7.388684766543445,19.141052474921903,7.604983322744197,4.0,492.0,16.60145092491497,127.70775345356586,18.283429145572264,24.23578871131556
131,8.622915680415467,4.728120349435554,17.31332414246616,0.0,0.4227601776500099,8.348524024677204,94.06332380777647,1.6854354033676218,23.0,245.0,16.10254015907599,203.51777582488452,31.92737085706219,7.84030546037225
132,0.10332100531773936,64.02195149000053,9.647221611880228,0.0,0.48631236197067146,5.714063992173032,95.32751610130714,3.528378660023294,15.0,261.0,20.16852866083826,32.50613506834039,31.240336256536803,35.01446581344933
133,1.897127689111686,61.57945709334062,11.924026296083248,0.0,0.5358413727454592,7.834787275129578,67.87871936280222,7.408300612811103,4.0,354.0,16.635967208770133,121.22342572916926,23.620930592634625,8.26593254165537
134,31.59730111688468,61.214193449789924,9.01206142544548,0.0,0.6092464626187254,3.602462983905303,46.48427303103253,4.66722240643468,18.0,482.0,17.446190926296005,360.70567150978115,19.360079112318843,38.140883622606395
135,32.30203007022408,83.77429206609519,17.49951514154814,0.0,0.567864875747964,3.6887961427657263,4.558497844557389,4.6060036933223305,23.0,491.0,19.03335966807478,125.15077779222884,32.303258098007966,21.0860937732747
136,32.12813568847501,1.4517528933224968,14.635497192711869,0.0,0.6722012767544457,6.148668341269446,83.06732519685086,1.8408697415986826,3.0,251.0,21.86662167113117,366.14874728564394,20.908927622396543,13.073790312117627
137,34.02362318313312,62.09892688927037,14.523882365371186,0.0,0.5637744710360956,5.591220165078185,91.50263109470558,2.3132147035869908,15.0,358.0,16.29703198619349,63.80994452396857,24.86442482230203,35.595041380940586
138,32.704058612199674,60.2312783845132,18.05633882133024,0.0,0.455029489309694,4.937614223183289,3.2690961525697873,1.855524051209323,2.0,317.0,16.709256976643253,72.68259665176643,22.913965809224553,49.94132338874295
139,5.256957103047407,60.66116905216903,14.8508116871089,0.0,0.5729818419255269,5.457231889521388,8.293670730528184,7.420627591821607,19.0,241.0,21.910417229838394,342.6053923233099,31.696650702490192,26.61233753801855
140,82.31963597160716,80.10274810320888,18.161074724969584,0.0,0.7912096655799105,5.625348245716431,63.27294492488183,2.3259462146748957,2.0,367.0,20.515316309956162,128.79194067387036,6.179970600227532,44.164635172584404
141,0.17722262413620554,0.3849952060681467,17.88225252641265,0.0,0.830544682742103,7.334194269970896,5.903406491865752,7.812371444536083,3.0,251.0,16.82805953358131,135.25429372491433,15.420239026866202,8.334891089147792
142,4.903761535901671,60.3660557468243,12.150161041953103,0.0,0.4850790030569006,6.250838183898183,5.547403116431159,3.607162968531231,5.0,367.0,20.27466720745997,152.39020485785272,18.541432210091585,31.130310285111396
143,84.47537012968117,62.10115851087073,19.91397714777364,0.0,0.7971958086908857,7.379947565433925,34.54820215586878,5.4483608161096555,3.0,263.0,16.63675809219155,369.1930041242336,18.047401145429067,35.44779967747886
144,76.51755103775798,62.75388588818719,9.580854747177975,0.0,0.5515670384456637,7.709671027370865,3.4377523601372566,4.166149387448729,8.0,521.0,16.621901148723875,373.74617968074415,19.20104707986731,24.516658226042278
145,50.53478510655286,23.70439409935461,14.721871768674768,0.0,0.7837354921757738,7.839504185528323,32.22545882166838,3.8641709956227555,5.0,278.0,16.158311397778782,127.30463592485607,16.04593583670154,12.410888760274846
146,3.259636692329333,60.71141736921208,12.355972843316952,0.0,0.4545762020227385,5.502844988365369,43.48147001603975,2.0209647739827843,15.0,489.0,16.673854585083998,127.82063150997573,24.111751152178897,7.804765312613582
147,83.80850269530353,2.108054674577941,14.650754295354687,0.0,0.6741509758952794,5.590769112978428,99.72076413211039,3.5771181712337925,3.0,255.0,16.800354988554815,87.38107629921647,18.830239143539007,27.450977185387178
148,53.02561594189386,53.1848301870586,14.77655086953768,0.0,0.4176221090477692,8.101756928443292,91.16301421701999,4.497792213713833,5.0,485.0,18.718597010064855,359.83730040400536,19.309124422430067,38.61847554224778
149,85.28139034367696,60.42277847409466,14.128212658796011,0.0,0.8345879442664633,6.78469733761511,4.203716293746783,6.547551355781639,19.0,258.0,16.50575923973252,131.1232121330038,18.097367590457353,49.413628645585106
150,2.9971012547225544,62.22405577573102,17.837303397164554,0.0,0.6603624931183092,3.953522316791508,92.63564938977545,4.780821283833636,19.0,707.0,21.27741874033049,89.35586065277901,20.300568857810603,31.958518434677977
151,84.37889899589419,1.843126476395188,16.87474911450108,0.0,0.7906923275926211,6.086685884953139,7.338059452848668,8.756032095210944,15.0,301.0,20.832907810904047,392.894549872996,32.11803308956431,25.235091993397365
152,0.26036902058182293,4.744404304353017,12.30050942629618,0.0,0.6258656657184674,5.4580782294705354,65.7575605303025,4.641129439034089,4.0,500.0,16.31623342439075,32.216286984362746,19.219289784386678,23.609203341154824
153,34.15385758024508,25.289285569505086,17.62185304071378,0.0,0.5790244217245066,8.35262122666942,2.9014801831782995,1.9819768184398083,14.0,255.0,18.944831868470906,66.65346530973014,18.122543529383957,8.027354970007485
154,3.7664986047666127,62.04313110591574,9.702351622069804,0.0,0.6217738315179805,3.743572616590857,20.610533150891953,4.543929959550871,3.0,509.0,20.231163777552116,374.280661827295,6.034258839750886,27.322998237131298
155,81.60198728511284,62.08612739898103,14.495256645359834,0.0,0.5625173892006221,6.400052418306103,91.43654768486971,4.7898932881752,5.0,479.0,16.762917219457627,124.77716336962402,19.119647971632336,35.86278655367623
156,76.74589912468578,63.64090252299839,15.03585515182822,0.0,0.5764959869491326,7.354909259266258,35.207508642135934,2.6864462734476873,18.0,259.0,16.131910637778414,65.86627359462537,18.250100353960157,34.585377615998546
157,33.80060093310031,1.5999583693868922,14.382481638760735,0.0,0.7493206569857834,5.616755136409593,93.89652041737867,4.847476035134376,8.0,666.0,16.728621192077203,136.5331529874529,32.426202886828285,9.02369004387397
158,6.422445325026151,81.01995137973117,14.82192700985208,0.0,0.49062058577897727,8.311630233155212,84.8870617384194,4.91978521453277,23.0,261.0,16.4841292769788,99.06683602397297,9.292975151353648,34.68567719097208
159,0.7803326170929945,61.466558275831524,17.292142437298608,0.0,0.45665371016451667,7.849387252331691,93.60799187848409,1.820084222043381,4.0,500.0,16.804132007135475,64.00535100788461,10.075810184102266,34.71247953448399
160,37.69229482930335,62.35443771224679,9.978612008050964,0.0,0.5675305776524519,7.884635132158889,70.12820257812692,5.770116643223534,2.0,327.0,17.488649849918517,64.2634197053426,18.159423538434098,31.130935556129
161,10.726769693150258,64.75134164785811,18.15362598426539,0.0,0.5785406412472238,3.650792759192007,94.09864998272053,4.65244140574591,8.0,511.0,16.57002121289522,71.29426420326749,18.49365711779914,48.219352644893036
162,51.47144860709733,63.98258511381653,17.113034719185663,0.0,0.4334993005594094,6.212500969199091,8.535276850956645,2.0153704720879126,2.0,326.0,16.584076364146178,357.7261313184568,30.985755623855805,23.857818318159296
163,82.34171662698284,61.38485122889872,12.144076153748271,0.0,0.7935544929286422,5.619585509285197,17.677128378157697,4.6793134183026535,19.0,246.0,20.275562327779838,393.2327313183405,32.102836684027835,41.36727743665705
164,85.91317166677342,62.79090794196523,20.00535982353796,0.0,0.7418075202953013,7.782191471803527,35.61677029446922,3.8045687403821242,4.0,266.0,16.71653262714715,28.604828233624737,25.24876980554565,13.301401148946635
165,81.66799911709269,83.44100151784266,15.421086087095661,0.0,0.5588425516038225,6.917574871238374,34.5833362518401,7.829601218281893,4.0,706.0,20.86082764256464,351.9105212619254,19.654171647477703,24.38415374553941
166,3.7319285449215704,63.97828577841066,20.817053393326475,0.0,0.8225194899825666,6.104856368238067,7.744626663713232,3.7919027317067173,18.0,289.0,21.813640448021744,139.62451459459308,18.431276676485847,22.79112094025045
167,1.1192602323191532,2.228052741668987,12.171502943569052,0.0,0.42376994166528764,3.8749887872491144,61.96054357841377,8.053011538117582,18.0,241.0,16.642447950199056,135.04958282179413,24.634898284827617,43.464827285902594
168,51.433580709968595,1.9908784101741785,15.082195196767984,0.0,0.7423183757032382,6.098646203218449,4.76750103273878,4.528861220107901,4.0,500.0,20.728371809871227,31.023215438347698,30.554365582806287,38.7187873300667
169,0.05724971858398641,28.838203714106392,15.02932696815117,0.0,0.55353357449785,6.913372524082433,91.68718925997936,3.979676601948629,23.0,261.0,16.050609557970848,60.24186208065551,19.23057402822713,25.942384768213984
170,25.547679168465073,82.15858247782056,14.581977082652744,0.0,0.5676660135745673,8.021874981897142,7.165486552870306,5.692360333845723,4.0,261.0,20.632849619479305,338.3697240869506,21.77337771413125,23.065332393144804
171,1.4976886058529386,11.239788344485026,18.07791718062772,0.0,0.5477333724456769,6.314562129636192,44.08834292429874,4.8185485685975875,3.0,264.0,21.71094860691198,127.36461569176633,31.535706042776074,8.035815393151667
172,0.2053553640376002,2.2645023928108916,19.41885462421751,0.0,0.7895307501067453,8.407307937371119,7.335349487270527,4.796412776349145,3.0,251.0,16.483262352217004,32.506693883469836,24.075407177229728,38.631886066964896
173,1.2526280837970634,64.68552323145228,17.2790181455481,0.0,0.4385795590369224,8.230103412086413,6.331985871568453,4.596588769489695,19.0,686.0,16.523876630073968,128.27731225989425,22.832535121517154,48.40303857402178
174,72.25044267843309,50.71283744109301,17.847446658064346,0.0,0.7894564922545559,6.870951472017993,95.13920394714951,5.74609415132291,3.0,490.0,16.183624216026573,370.00663237938835,5.465831829824544,37.60784084236373
175,4.246101645597372,62.31217677263606,16.840401660783947,0.0,0.6761558254351979,5.964418741038511,83.49192712254595,7.403343575161093,3.0,358.0,21.851949178019964,375.0958995617109,19.23210724186952,23.619631776591177
176,1.5703116763454144,3.184704139440726,19.30551382680171,0.0,0.412001794446113,6.067187779770214,7.6391369400978135,6.426428151501292,2.0,481.0,16.711791429446087,364.81627467795556,18.12487588001403,24.52244494675599
177,81.3598351769712,62.4164399413405,14.87048178712287,0.0,0.7905316008097354,7.937525688690453,76.5668877675323,2.4904969123925094,3.0,495.0,16.464107332032327,127.6370377470566,23.575790230887797,26.086164503879715
178,50.537658370776114,51.01819952185185,18.126946356192295,0.0,0.6186276143550715,3.5698160144747244,92.43435669705666,6.686780627166862,18.0,266.0,16.446040217943878,135.060864226275,9.39179961432835,27.330551388633726
179,4.218388739417604,0.004225018881407917,17.32339535368371,0.0,0.782933269788136,3.977144265754863,93.09808929656654,1.7530030113957102,19.0,259.0,16.815039023634338,60.672765430174806,6.918431132463118,23.245688617518006
180,2.8239142477619303,63.49495855901719,12.225472634168199,0.0,0.7444783504186222,3.894698874904399,7.649521272519021,2.8190796041883375,18.0,522.0,20.809242884380804,363.96451857125334,19.429482786524403,37.909762961641725
181,33.90863462127357,13.093677590117263,17.268575316570608,0.0,0.5553548063636138,7.205404899342253,83.33705654606726,4.75009981578318,1.0,286.0,21.753605364443164,358.481008507663,27.576613216709447,38.72181553865707
182,34.329206386099926,0.03392213042650034,4.255719260235055,0.0,0.795485602417593,5.552200910039871,84.78086148265682,1.9333145130348244,1.0,339.0,18.7490259803592,370.20290494882175,23.491512631057184,37.33061731991248
183,1.729689941527454,1.4892934056956946,14.919358887612011,0.0,0.5506619440582087,6.912189822392193,93.34139448821203,4.4829093255773556,3.0,296.0,21.8529235219863,73.17694800104435,31.19538557187894,8.453946061086764
184,81.9227479343434,3.8420144690119216,12.718910475342932,0.0,0.5667811274046898,6.275381851336483,63.647706977429856,3.593970824804521,5.0,256.0,15.971062955556867,33.31562836932926,25.164860053673074,44.99025928424737
185,34.04100408278132,63.1446018927231,14.101381449783561,0.0,0.5577277814636096,5.457826074815992,43.64044792046206,4.527476611079298,20.0,491.0,17.324542100910197,151.4267918912323,24.48084412613162,23.327619386072392
186,22.255570491784287,62.726040579719864,17.019994924303695,0.0,0.8333988739026263,6.000754933389695,96.93471830285839,3.8855295749561334,4.0,367.0,20.23795943036139,372.0345918994485,21.807016784660078,8.31893748322311
187,32.00126584036969,60.78110554904524,8.70347228517187,0.0,0.5449973454485039,6.766454337887501,91.72328357143849,1.8253191605714105,4.0,487.0,20.574091207199942,357.51797906740984,19.35182452166778,36.17342998138994
188,50.427337914502004,63.53147021499844,14.271656465780707,0.0,0.4154693685285522,8.087737073070475,67.0412012084769,4.577883916522459,4.0,247.0,20.746245594912676,131.79030380953324,24.61359827472745,38.48049243253074
189,1.0679770088538671,62.357174608579015,20.823681545203247,0.0,0.5669227145957481,6.248649200975025,12.428311453528165,8.494516928826489,19.0,306.0,16.38680130683206,131.79410828408732,25.009662968643337,35.435330061528575
190,7.290281411527285,23.39089373117982,12.66590172052604,0.0,0.5739502089616492,6.1637521703620255,92.89451920424128,4.803537181314214,18.0,253.0,21.375038644227164,76.34977153954478,10.753780328449272,27.045581091940942
191,1.6879695886128077,83.80044918361746,17.483282697328267,0.0,0.4317223826331261,4.07208824142915,45.9437965995023,3.745717474111362,18.0,293.0,15.971790320772316,74.76546109657559,25.008617046474725,42.201248549566266
192,3.900081527200502,21.161813607206227,18.119284334227302,0.0,0.568747974171524,8.207749819160183,7.195940559015545,8.097575588845977,3.0,476.0,16.49382361192388,119.97647621358757,6.5835443896552475,24.533656405713916
193,82.60663018701047,63.80997506548856,4.304280700296976,0.0,0.7939019753764619,5.929761542020541,46.314865825784366,4.452921250086942,2.0,689.0,16.583777591964814,368.9820699527774,23.251809868138544,31.57315099356034
194,50.78323836920882,26.400441923441946,15.162034589375292,0.0,0.6541937770751612,7.238036519287776,91.44629984359983,4.6746138228455605,5.0,488.0,18.964079365782556,127.46101458031421,15.538737115664079,43.421226643734485
195,15.141284670064776,84.92007568559123,17.84729258089556,0.0,0.6245097435254172,3.9320221144522103,43.379673772822564,4.532307243191996,15.0,362.0,16.50233484752503,124.8385687284774,9.361060956275326,36.710332012394915
196,3.127078461962303,0.5997622119765158,3.4439608541713325,0.0,0.8447757939407854,5.548812844340759,5.972113009586423,7.887413067357162,23.0,306.0,21.964641584656853,22.296492406469884,9.910788730441569,7.350637784646978
197,1.864210297275178,24.418590093720283,17.57666858414419,0.0,0.8264824334437139,5.376493262337999,77.288572389577,8.183254979499596,4.0,255.0,16.71618395828858,379.4819768362244,31.2636398845377,38.520682287981934
198,2.9505917193636177,60.20273562521686,14.678171270550463,0.0,0.7939079428905997,5.584125467597862,95.84377089897542,2.2373538632853727,3.0,344.0,16.184599272089677,122.37726366095983,23.923277981505713,43.74442338364799
199,4.6629131523007015,1.2791619708324609,4.483510896923519,0.0,0.6243444579389215,7.340643496989829,93.9791164822972,1.6637422551244223,4.0,242.0,20.625299961143128,64.54824515988325,18.373787932611457,39.88742881887131
200,1.9849991963949274,62.630509543812344,11.609108945923138,0.0,0.5764514105003161,6.212531597745926,78.39715266890671,5.813691012100643,15.0,485.0,21.9144720700685,69.38584201840193,5.476065526540341,30.550843351625
201,36.747441413593435,62.908080917222975,19.787687462615395,0.0,0.42186649033156265,5.851457914891554,92.89481925994971,7.782830682019643,5.0,489.0,16.7497081403383,131.28537041413514,22.17890578588069,39.62669306813203
202,5.156281769966667,11.981174925140461,17.72668743196225,0.0,0.6184805781264139,3.731636743037707,93.73933689188767,4.531877508973242,14.0,705.0,17.67993979231235,64.96088712989788,10.566563582294998,8.034206467786273
203,2.351124316015965,10.510158641135355,8.85869604097823,0.0,0.8274564228642576,8.290429849419327,61.71706392201634,4.778176705214846,4.0,263.0,17.690596983451393,63.85420449783015,31.643478150194316,24.951324371002272
204,2.171637206864745,61.26304042912356,14.250113209906338,0.0,0.7910075966500727,8.350053835737196,75.34586823276922,1.9633548407162777,18.0,308.0,20.671682891239804,367.5937775574215,22.622137935290308,41.23765279965723
205,2.5017753556093907,21.416982519302444,14.787351241158127,0.0,0.5649419204728179,4.588439137630281,92.61954107384662,2.6844684006147155,3.0,257.0,16.312506650681023,366.9191784939799,27.298906698568253,8.917816437999132
206,34.50654745424165,53.776114272793656,4.274645564744091,0.0,0.4341144087826814,3.5732596974565345,93.64882927545374,2.4884636767500576,3.0,525.0,20.728453553814173,61.297327464256576,21.584618708384372,26.38204480029017
207,12.835221320424422,24.543871626110036,14.925282296126552,0.0,0.7284626908581535,6.0677248926985525,5.8126338608352475,4.81051088686068,18.0,496.0,20.244281972801893,64.33815184145546,23.69235339278999,42.31783734548673
208,24.44893804166844,82.9770495774321,15.129484418964724,0.0,0.6617336981681246,8.169718594144019,93.22840585611203,2.7796694929729084,3.0,490.0,14.480858996952946,127.10300507925638,25.22290328722228,26.307544589461656
209,81.46740123683598,0.1724320832835924,11.734494637137253,0.0,0.8439098692872777,7.870956210388149,45.18662120755345,1.6880185836496708,15.0,240.0,17.37414897005755,78.3315604476624,23.811675815054727,8.992035213528693
210,86.6046733076123,3.96014354056676,17.216689304251958,0.0,0.7875280977264327,6.179152754214567,81.01110284969711,3.6482859292247127,3.0,355.0,14.64336443166707,29.235370989664073,30.811213827700666,30.971851077370758
211,3.6045061838346206,21.5280196641996,17.4127517673218,0.0,0.5773650459275669,5.52258402762027,92.70163977203903,4.880189279350111,3.0,242.0,16.469658725510183,144.00585973880206,25.178861405677026,37.42402667214369
212,35.038282900492,61.69945203208122,12.723516514138433,0.0,0.4318864574178826,5.571333644441815,67.0359551384011,4.5632308229755,4.0,265.0,19.12084356197104,77.13279232130819,23.53022798634056,23.927435670022163
213,3.6195084810827187,62.65092718822707,17.80724050189943,0.0,0.5572091183085038,7.8002814645210075,4.788952017274907,3.8623190351102132,20.0,497.0,18.73240279643697,79.60006521918255,18.530765837067342,44.20673935544207
214,0.8390304572059214,26.245235237877775,18.118690397740693,0.0,0.5693936345535969,6.035182981436019,34.51452580881027,6.672486479242855,3.0,249.0,21.739232571216387,62.88902368177358,31.916742858685904,48.993029829170666
215,62.282657472514884,84.59989043928685,20.289655301624457,0.0,0.5632290313271003,3.8846454258076664,4.615284051718376,3.7933785448807926,4.0,347.0,16.538064137726195,77.10521635287205,22.699734481112596,12.299168551244046
216,2.8209793475139637,20.817773791704063,17.584419637543384,0.0,0.5674151214713158,4.9327516757912795,82.55459116310553,3.5325984426767554,4.0,359.0,20.99643221394252,69.54049096617399,21.177363741871318,9.448776296755058
217,4.826116671904431,62.074152002518666,18.178483217588425,0.0,0.7848692527007333,5.577172810943184,93.83837298755107,4.541623211505684,1.0,249.0,16.752656993845463,64.88976319553821,22.233443006064928,24.93544519489356
218,34.373402196943516,61.44845974753603,14.359144007998713,0.0,0.7854626215246773,3.945588419129246,90.50035387603639,4.631252230667545,19.0,363.0,20.272480459526,393.17660465958244,10.341369178523614,30.50823156113816
219,84.46908143376363,62.599170511008076,12.439453356302037,0.0,0.5575738811383338,6.0006831906249705,36.674261876839694,4.784794768496174,4.0,262.0,20.90874677193137,209.5040486515266,18.13818362714601,12.946761602085846
220,32.933257722711566,82.86990901541188,20.635624855974974,0.0,0.6239457900362629,7.723928606739547,73.80201957397769,2.270390915554319,4.0,203.0,20.335830209587836,388.02501694714954,18.098047000374443,24.45930495286268
221,83.09758192972888,63.13569844552421,9.796227580071129,0.0,0.5670138030706663,6.756088385936425,8.549057764982491,4.605713574670228,1.0,523.0,20.70752124599915,133.12150347992812,22.08501099759082,44.35998701333466
222,1.4097901159641846,62.656879019189866,15.123071895371895,0.0,0.7894731976179511,3.953650176646126,68.72029709760257,3.7086481888343132,18.0,292.0,19.03739677483405,67.55003116636647,24.973120953153852,36.888338999223656
223,72.13208717804683,62.054022511678,8.855874236809179,0.0,0.49368609369134125,3.6204488322097474,8.147942153684038,4.225658656438894,3.0,664.0,20.808650334837033,73.6979407821751,18.241050276832198,35.698514621816614
224,3.1960746657218637,23.17297006188233,20.45777809021396,0.0,0.6566987465507047,5.577008962060839,92.72465483599977,4.767671157122097,1.0,356.0,21.856910734332565,133.99896471802526,10.309946684669534,38.00085836137219
225,80.08969961250865,2.014081447317022,20.81593114377561,0.0,0.8355463142153101,5.467471522364787,6.241793880951163,8.104228622723586,3.0,304.0,21.876835333988925,135.33160696114646,25.181799253776944,8.570672801847962
226,34.80569374336054,3.891644046565509,17.59632094800452,0.0,0.4860768156591775,7.237378064386102,97.18302187853746,5.61720851106543,20.0,261.0,16.624124973611554,358.19827981401744,32.48135773729717,12.922217985370693
227,2.354565757892912,13.940887126274951,14.59232422015871,0.0,0.5029079559243862,8.28820241276929,82.10535030491243,4.686656319975186,4.0,244.0,21.65423633634453,125.37590683266022,20.015458654969418,35.30513173732434
228,80.51420505779419,26.46127084055411,12.66714548270112,0.0,0.6725079778230069,5.581276484152317,6.169297870737417,4.869061817870802,4.0,281.0,15.484475444387234,71.36720994466688,22.12561819283337,38.700510617863415
229,49.46869726252658,61.85902161777887,12.138020559225629,0.0,0.7286904223092138,6.892849845491537,7.440495387718425,5.723073955291428,4.0,489.0,18.71493071772966,370.45214835947303,18.142402748421606,41.220377179821384
230,2.893013106405048,63.14405452973443,9.205472042146411,0.0,0.5567729080586639,8.456548904499456,99.38650200873076,4.947741136316486,4.0,492.0,16.558860718209623,71.63285453105102,32.10281364033533,31.74195162301145
231,3.892201743491427,80.78534983557829,14.937678091355581,0.0,0.605364353581653,7.179723111449972,4.767978639040301,4.29241599616027,23.0,345.0,16.670476543039292,135.21563730051497,9.745074640957315,29.754176406310602
232,14.597303553793132,3.483644814589559,9.740826522685301,0.0,0.49175582980406823,6.8540554645218945,11.946817872008538,2.2233761256019435,18.0,476.0,16.748537898831657,26.73399480481286,18.51788013269969,26.956915846329917
233,4.359143362207611,1.904045903668469,14.41140405159702,0.0,0.578258906927426,3.9548799780984987,3.45419434832703,4.728645321739806,18.0,242.0,16.02390147706086,92.32606965152026,32.3558581841076,39.78349672697308
234,0.44797035340999103,62.955312373785034,16.849403946683342,0.0,0.44711421211020247,5.400561411867724,90.57508850633873,7.583591529701747,4.0,485.0,17.332071425816057,149.69114789033057,24.544872267098366,42.19747704726569
235,8.253552556915102,60.69766549615611,17.549685439607767,0.0,0.5615522957475461,7.755854969425923,80.49837273381954,3.9333564488507924,18.0,517.0,21.28636064860714,76.51088592466115,25.24253138937285,25.365117293902497
236,6.219514564679464,63.3412919304878,4.472011520983402,0.0,0.5606804664991176,3.8919325724358855,64.86392184270208,5.7942030950266945,3.0,259.0,16.049082345774636,125.22040839045438,31.955800570911023,25.149285590396786
237,13.71366659842099,61.7702893030685,15.027871860990754,0.0,0.5577942186326509,7.796568748742449,69.00076882400798,4.904677362225544,5.0,257.0,16.517161791315456,129.89602282373482,30.922612058241675,7.657047124888819
238,1.2251564530516945,82.36332788103616,17.68855851217733,0.0,0.7772280304151398,6.780940232523267,10.46788056740231,5.784780384301334,4.0,478.0,18.732222442386274,361.9484444111514,18.282616749961026,38.35988219537641
239,33.160848737293385,27.07553700424768,17.684339861176323,0.0,0.5019282773791836,5.610278882732408,77.22460728965945,4.604172968966991,3.0,498.0,16.604367898120714,137.63016568003843,30.935772683344695,36.49080286714115
240,83.60393854743019,27.383576239975472,14.777893967524982,0.0,0.5584687931925061,5.89986727571044,36.39504390902207,5.571603077398833,23.0,250.0,16.567837341397716,39.24330342378991,18.693603159282304,27.245730781393053
241,3.8374576235339943,3.471951642746803,20.55297388391861,0.0,0.6246966958394499,6.067907514555769,7.039388536959105,4.5613149601461185,4.0,287.0,16.69248530900766,65.82937876717483,30.33855926019178,31.182586518286474
242,13.945322534846715,61.591200884160386,11.711901216206,0.0,0.8423988532027064,7.396330193695108,82.91872634422413,2.02972689219945,4.0,480.0,16.67878946836544,76.91344085822448,25.136744758356265,43.59254890576121
243,2.3212557511353507,63.26027240449274,4.404352816031848,0.0,0.4369244538907098,5.977054838815898,18.534958502673106,4.91401616778985,3.0,302.0,16.53983103312392,365.8545799068871,30.819804174166563,44.58308659798192
244,51.834759330209685,60.30111053749851,14.47438070175449,0.0,0.7873770119095119,3.8835478806333774,93.57389859166251,4.637843665262205,18.0,493.0,15.910039159778016,65.5970139593735,9.718526056795458,17.7710415761329
245,5.99867725312824,1.4974266880733607,12.660904998019442,0.0,0.4094714430108923,7.23294185227963,35.555648767048574,3.5358999370142183,18.0,361.0,16.346637255272437,126.8408518112393,3.436281079303315,40.840521560067145
246,35.02425904197553,63.72604845075023,18.09174151248377,0.0,0.5760474780643418,5.446076675421641,65.99318291207514,7.584245765082363,3.0,489.0,15.985388628440377,34.88721154176165,30.35804111579438,31.29376016257401
247,1.2416144029236198,60.26202939031032,11.478289050800829,0.0,0.5686661340266826,8.246115941182506,94.12728599328295,4.381471351117839,1.0,525.0,16.707347159114992,79.31574896644055,23.981021665545576,9.863798443492302
248,0.0845819184252555,13.105710976411176,14.711317112497273,0.0,0.5005547715836902,5.510843256205256,42.18300351505924,1.9453757847283082,22.0,523.0,20.853866644983096,135.75925905276205,25.100097911453528,23.085502907800045
249,13.532692328964757,0.12286173033553188,17.84286549265418,0.0,0.5670153914440651,5.433053151980822,99.95116280056617,4.327447827726267,2.0,491.0,15.904155443500919,36.86816110683958,30.971738051196823,36.06699595349517
250,3.0343109619051045,62.3576443415495,17.441328153537007,0.0,0.5718772545829504,5.37543634646981,94.4386597198608,4.49291185781003,18.0,493.0,20.464594830149746,145.13678695024905,22.269844720211264,44.0427826266075
251,82.5630541418933,4.44216794378595,17.52213826987687,0.0,0.7964291107177212,6.203065952458485,93.11815372076592,7.405876150794017,18.0,329.0,16.81704986018754,123.16260249746682,18.40850525931421,10.255575285941113
252,70.94424093320991,60.05055046998802,17.92850785098422,0.0,0.835996963186107,7.904087209635683,91.8966707288468,5.7902349429325755,23.0,201.0,21.130355631002793,64.61558189880208,31.49060026107113,35.0368008558437
253,53.114393369987994,2.631774243372884,15.061609307534805,0.0,0.5763553430889145,3.9269649913079956,35.588363988362296,2.9588196476291992,18.0,282.0,16.696213076585995,375.9381565739978,19.005437150552677,36.326653409773535
254,84.12667950357954,50.33228414829431,4.494717759794094,0.0,0.7821360042490351,5.596529060951549,73.7665964343689,7.444343575623385,3.0,262.0,20.38886279680914,142.37189575285623,23.606201774754503,24.881546195035934
255,0.18891527133795513,84.33554888074744,3.412358896202119,0.0,0.6060700408597548,6.386641556037197,81.04494190294281,3.9158496704067143,4.0,297.0,16.614116537065264,24.369243354251736,31.040863013735795,38.27944662362931
256,34.478299767045314,28.431482611198323,15.35973486635814,0.0,0.5552250148152788,5.94763253840791,83.31585379466836,3.980471612556699,3.0,513.0,16.563750347528263,154.86048804918664,15.53468523105113,10.59243512799936
257,34.26561724312183,63.70976928340715,9.909773248419782,0.0,0.4877076017796629,6.029384886873226,90.38805609457393,1.8968390814119225,4.0,480.0,20.79995130824562,76.99954235948363,3.25196342391813,25.214771105785314
258,82.99458532283435,3.3433829376291695,4.053797552305672,0.0,0.5754776601375415,7.6614914760794495,6.72809634535846,1.872928269579164,15.0,480.0,21.610824244901767,362.0958278372032,18.19888961600495,8.551349434294037
259,3.173959167815659,10.032117268490728,20.838693088433196,0.0,0.5626693397415378,8.100522731082798,6.897652352401501,4.498615959624439,18.0,241.0,16.059526494355588,70.17284356334689,32.45515510152733,31.74886197187377
260,4.021587895457958,25.205889311289493,17.172663141193713,0.0,0.414758172387764,5.9281776739504615,93.8347107787072,8.034383198962152,8.0,243.0,16.677469140581003,126.52264845418237,24.381463904798462,25.176971856798033
261,2.852383456719392,28.10438402011023,9.846757854562574,0.0,0.4456438192883374,6.723421528493619,90.73412769735282,4.706552138646591,4.0,260.0,16.28907331964803,76.9227141315428,32.12593553071182,8.603734941057109
262,1.6603666559481396,64.99842562788456,4.243025755597699,0.0,0.626709770176591,7.430804731057836,5.753195202744402,7.813792877023004,1.0,510.0,14.825981009755754,388.67667787433055,23.58001395516452,44.58440967129392
263,82.47218496685831,24.365736195458965,20.387615795605385,0.0,0.543168176292735,5.962101688514645,72.77022547625752,5.6521029404463174,5.0,248.0,20.88433826378621,69.25531566341807,18.685437833353856,18.417059698576228
264,32.07037124820401,63.498429033626856,14.223618289699957,0.0,0.7820831814008019,5.592440910015168,90.9133482689699,4.4885507710346975,4.0,400.0,21.63763561571986,132.77069434859067,31.558900414806477,29.818127980586922
265,73.79404828488332,63.63549977171145,11.413103258489032,0.0,0.5569832935214476,6.864672185614985,21.79609910603876,10.023890800805818,3.0,255.0,18.712572125925714,79.33654086045347,24.497270572346768,24.211591857137734
266,0.04148970072894757,26.13343511300831,16.842962391853977,0.0,0.4232401064802835,6.334580450263852,36.60483795378909,5.473547291987402,4.0,251.0,16.293392402939887,131.9598977550744,32.466678652155615,34.51656609015512
267,31.817603682794907,28.75806967067906,8.985761190359312,0.0,0.41479804460299663,7.878605490717282,75.34768732102194,3.9999871065450088,5.0,267.0,15.780192238313376,135.31878192024817,24.38963477448028,36.09228947208588
268,1.4865198849142331,61.439620524317185,12.4118486871625,0.0,0.7827302288034171,4.023173317203125,44.31906255534324,5.756930795163936,8.0,276.0,16.8049894945109,373.3322872401214,21.50544182486892,38.60517529437668
269,16.86443588474239,0.5228286364470768,20.083356544183005,0.0,0.44286224551138115,7.911000664323453,94.48680031659603,4.827314015791601,4.0,287.0,16.423805558521014,124.54769162572177,19.79159329061121,24.261740603432077
270,87.72394637120267,62.30447447733379,17.88570933311171,0.0,0.4520238793941966,5.900903013907291,3.856600318080487,4.81504963475138,23.0,495.0,14.937744707475087,146.86126031239723,6.974160982223823,7.922725678985127
271,81.58394165312787,61.65097886264809,14.953376357630463,0.0,0.7794285809285644,3.6041136251836403,33.4645745312848,2.0594050773104775,1.0,291.0,20.745148908052094,361.1855234543756,18.674944185243618,43.0276304040404
272,2.765092017669148,60.841276993255896,14.630953230402195,0.0,0.5535421810868627,5.498927671616947,12.166793075366925,2.760688933594849,8.0,498.0,16.624982039910257,71.78125859998818,6.9263706295889405,47.98109469660429
273,80.26250307366067,62.10854946255702,18.028520001664436,0.0,0.67034003005149,7.2306647955772085,78.59126562534253,5.574537284012908,20.0,253.0,21.539103692170546,75.40686025593621,20.41738316505132,45.02528805349648
274,0.7315330929288001,4.485490889704197,8.69640111448458,0.0,0.7854912048409739,6.022476893443222,91.38730674404405,3.5624821042873864,4.0,287.0,21.433386133617777,28.396684991840353,19.340133773405135,7.343572145667457
275,84.447250849468,27.176351366490845,20.190686918643497,0.0,0.6250955301381061,8.335939680069714,3.527399732670963,9.76316207477335,3.0,496.0,16.799432408783105,125.8996820706113,24.737159249132507,38.24682936681969
276,81.36718826521404,27.236459476248623,17.9599185909318,0.0,0.8311277819206896,5.401132388123638,4.004707828874146,4.711428770104494,18.0,486.0,19.15473847159964,385.5371649694806,19.129266900727888,31.467760232526995
277,72.93845376757152,23.54413878722119,17.0009735907753,0.0,0.661639458928121,5.390595169475461,82.98811341261919,4.839104157632587,5.0,250.0,16.432814223221815,351.7207211351053,6.984963580549623,36.02983273713967
278,33.58570710239705,2.618430160112223,4.157105033901848,0.0,0.4367436698823944,7.437008752110254,91.76343956858128,4.83696740683811,23.0,307.0,16.425588231094277,377.87660469530414,32.161711723838714,35.74141667200234
279,81.38443128554096,60.64611517670997,17.275550008365624,0.0,0.5740189130954659,6.0978243287800336,74.43561755781398,4.484222197892049,5.0,278.0,16.147445822043277,137.6250747393681,6.828004098840093,30.15987971436399
280,2.1306659861426325,4.551513949707569,18.225146943978952,0.0,0.6620489814641173,6.680505698771204,96.46221494851663,8.610526720054443,22.0,491.0,17.491500887593645,350.52375237344455,31.490315515003598,36.10090896542719
281,81.14554307482992,62.22062168080983,14.74616080573302,0.0,0.7859561485849933,7.424076167880324,61.54081457240123,2.486122774362283,1.0,261.0,15.898802236195998,71.16036717940011,32.32716137856675,34.75409456977705
282,31.360446138101306,63.9466886961268,14.811588895921435,0.0,0.4207445385691235,6.913425384828078,7.260328227287031,3.940074256189707,2.0,499.0,16.495460156588347,119.57522877844801,10.29923864306083,31.614846391677137
283,0.8015614174607063,61.94437565011122,8.700723645919126,0.0,0.6682452181669771,5.560938821657098,83.80293983057715,4.851522240100313,15.0,335.0,16.725989272332548,121.00345184137375,24.04587576512207,13.160461084017845
284,2.330984109233913,84.03423009410346,17.599913998244627,0.0,0.782886703875374,3.9354889630947443,80.45408212876481,3.7254335396513185,4.0,254.0,20.94919448284441,122.28783182166318,20.614904526186013,42.89529468373748
285,0.31741985383111665,1.9446297621173008,17.301899754974492,0.0,0.6745554302254144,6.214208581285521,71.75359584577782,7.694275346167172,18.0,481.0,16.471505926373965,32.37155149250954,31.15509639335049,37.710652620308224
286,86.32120152894613,61.100797608330225,8.650128734697589,0.0,0.5655957108940267,7.798695215329705,70.24073159678703,3.8608341065885172,4.0,250.0,21.962089540695384,70.89567430489,25.01577673248721,47.780534676003384
287,14.813224407379634,0.9769543079179266,17.088214891242835,0.0,0.5638288996617243,5.4575547212920075,90.37348438435258,2.118425695365283,15.0,246.0,16.06276331897345,142.37865527582372,18.714512943108886,38.576940577567555
288,15.196688589179807,64.70017322168755,3.3391457569881124,0.0,0.5648413367401509,7.794523405051836,5.5088825785178575,1.6272639060949343,5.0,207.0,21.891723268349853,96.67697483009879,2.408697766858226,31.02647421495838
289,31.587959808252833,27.9326512929051,20.293408346255,0.0,0.6709209860321818,6.07230375116905,5.2266236724323605,4.648654634395939,2.0,515.0,18.870906170014678,125.88103619114838,22.364704789023403,44.254273289512895
290,4.048071342467541,60.24896632529133,16.88681590238975,0.0,0.7979312751366159,6.373450266797556,3.508441157204364,6.7071749158185945,15.0,348.0,16.353564769477384,360.01293418404765,31.735491866652456,35.278729171953046
291,2.1125869594029125,21.941737980890245,15.36597282561378,0.0,0.6247563059051224,7.73292201995338,6.856503754130835,3.7072711934871787,15.0,349.0,16.677820019588665,65.59456596948303,31.23326962115943,24.27358123225355
292,83.8197207626042,1.1663164489272597,15.252664530351378,0.0,0.7854573782127906,6.205657543449601,72.18498613507293,8.145062650141185,2.0,241.0,16.534349673179317,134.18275679810435,10.46313327474956,13.509407619345186
293,4.3489651418600594,0.41870860836954316,20.845385986049703,0.0,0.6593800320478622,3.8733953811685486,80.08689781089673,5.805706258384381,4.0,243.0,20.62041584039058,366.88802587130766,31.93500703220945,34.96174654900026
294,14.880534052477019,60.93377934260704,11.801388608720695,0.0,0.4201374854210665,8.220308334637037,6.294192931277049,1.9781518662251174,4.0,282.0,18.798229889866867,369.890115907526,6.789159670890366,37.464348747026015
295,2.135216225434424,60.284952399997515,18.062784717998422,0.0,0.5634595779401737,5.072554589659386,45.8782104786936,4.6184997240761,3.0,361.0,15.8651554745379,65.14894873646828,5.477877580147125,39.17869508906641
296,3.1171291065668916,23.190368141140514,20.898602144317326,0.0,0.5610178288687968,7.30781134529048,45.94676507790274,4.948341116051814,3.0,489.0,16.63032379514417,32.447956367476344,31.404533711399562,24.08049283261957
297,81.97665182757368,0.8627361935115316,17.87109367632061,0.0,0.5596426642432104,5.902108379858466,45.58410636625259,2.8319919998157443,2.0,365.0,21.905913081620984,64.693490080074,18.413983892708824,44.99807134033674
298,85.87072020108312,3.051953280598845,14.475212684917095,0.0,0.5783277803489247,6.0000231084085165,93.86565094594572,3.825562793316417,2.0,516.0,16.460016071148033,60.069656244418624,5.704342833341346,29.845956019049684
299,83.34774737593007,3.0605962731956047,9.559093010856717,0.0,0.5672331161257427,4.9683477064859725,41.75976237272144,4.787132123828097,2.0,299.0,20.836453788483034,34.367514483481365,20.46071285867989,38.40700900184289
300,84.05794404698888,3.5231431722533837,14.912484541693148,0.0,0.6063723894301866,7.376668227836516,90.98635268967668,1.9311913875077389,4.0,208.0,16.172135530288642,68.56735647281445,6.899014303806571,39.10885861318511
301,70.82496030632096,2.5581538463102134,14.651333304152299,0.0,0.6616289306260649,4.015792821238937,3.9017766779198064,2.1614451885351977,18.0,302.0,21.501325536047972,125.27414451134041,6.038414726844757,43.61766555285851
302,2.7927177990028365,11.422119951673992,11.789517472875678,0.0,0.5402458210885158,8.24332505706604,68.81867712389159,2.410817337040745,1.0,241.0,16.597622694063134,129.7259539186966,23.58823090107507,23.476631185277178
303,1.6742691135951704,4.386674556912282,14.181632931934384,0.0,0.4460788890057888,7.854059283978128,90.30638376523068,4.2105315524685,4.0,272.0,21.964239734652853,87.19114581935408,19.57410457447149,26.916618200035632
304,8.790140632439291,1.7621207640261858,14.27102169556781,0.0,0.4331150041881128,6.0164010009486955,3.513107283203623,5.904951255177663,19.0,696.0,16.50978945056713,75.82045844058985,24.898954576555028,44.794585518711656
305,2.8467608050815802,62.291471624893695,8.826716196790983,0.0,0.6274321939667493,5.3718835767112525,44.094513361377004,6.741087929010051,2.0,517.0,20.863883978672366,138.5356617511914,19.032008699180853,40.65760132456825
306,0.29502953802686976,3.157556555811385,14.755937867388479,0.0,0.4959512268903295,5.406545391122103,75.92436704828309,2.554245363891617,3.0,260.0,21.823880618301875,350.3444634178375,9.062163091995858,25.675277307173396
307,0.37890022828361314,62.580621490837245,12.247542576767485,0.0,0.424319624064579,6.056980263015854,4.444206225426485,5.915667502963151,15.0,315.0,20.165149676574295,139.88599613332127,30.998923529069273,31.784527924271956
308,52.275544290859635,64.78234174283267,15.14218936913427,0.0,0.7902177865192496,7.786966063168845,91.35804340837095,4.882360189349941,9.0,312.0,17.377782945767855,370.2071501959534,18.686095794711047,36.86276921145655
309,0.2741963542532486,54.773588387190614,3.2517175686021105,0.0,0.5673039990392499,5.617223569130723,3.742737990577405,7.63786201405158,4.0,495.0,16.48004442132967,59.98992296538176,6.106424613351905,7.6112980657662614
310,66.76865515011005,4.6484480523001785,19.315608466243336,0.0,0.4211262768131014,6.014351943527728,91.82712041806066,8.602869807379895,2.0,255.0,14.6032663044328,127.21494903095498,18.58168889419024,23.9470411963004
311,1.7554756689638773,4.670052130074617,16.887294748568866,0.0,0.7814429317219959,4.771514714408337,46.01830740741468,2.31266566094768,18.0,245.0,16.446913787168487,121.11076175029812,19.428660305499537,21.50465533997798
312,2.312965264078597,27.90480067784348,14.856947476199128,0.0,0.8390192982691518,5.402900074572936,8.878654112605126,1.7857220519982115,2.0,257.0,16.55673822305636,76.92908919163423,19.79095843693557,31.459658185072506
313,1.9992134157737702,62.45101031865001,17.843017667138128,0.0,0.5573330552634889,3.9429935920115198,6.049962762726411,5.641506459942928,3.0,493.0,20.63577925226906,139.64072677991066,18.812758241048265,38.020050419706315
314,33.31939581978136,23.520584086911846,20.416985951127323,0.0,0.4170066294832581,8.398150163853757,35.593561171120285,2.525264992844676,18.0,299.0,15.960365899815702,73.24956014317348,31.03173093473498,11.884218394758225
315,2.6063472613663543,61.07709796492734,9.939361713631614,0.0,0.45525077899530597,6.358204968691405,83.85848723389115,2.876307637431178,4.0,511.0,20.992153293280243,366.40635169946626,6.172303975282926,47.99702079182907
316,7.4766873951394945,61.329360196077644,17.298168553645908,0.0,0.5606252890687036,7.227338638160612,3.8124205779678557,7.438456089233698,3.0,247.0,14.564283451273985,30.244477809865344,18.287947999070017,30.93155913976455
317,33.02766033176933,60.21903626816546,20.355144896544,0.0,0.7973122517860073,3.9216813153984194,9.453282517266622,7.853939154179523,3.0,370.0,21.740381156148,84.76992004183323,8.00671389488058,36.73423935794704
318,81.71773227351495,0.810102000502945,19.668937921569604,0.0,0.4575153242437668,5.490664673736889,91.61132242140916,3.7351437831218672,4.0,493.0,20.1580261522223,126.77005238663436,31.463519018406984,24.264306089796015
319,53.336908189200344,60.01937274969405,17.591562545939656,0.0,0.7877817987132386,7.80590415202061,78.34012793144443,7.568245370791067,3.0,354.0,16.734403926847108,127.878007105824,10.757810880698417,31.367139808401582
320,1.1637178340758918,28.27313788261749,9.753339564668057,0.0,0.4102825943215044,3.9419590393378874,7.604515358645406,7.388587345876887,14.0,271.0,16.485994764779445,128.22164483894565,22.30047761171109,49.142183206441736
321,3.462253806104908,60.70203494517841,17.102988556857955,0.0,0.5573715201951723,3.895601438139966,3.9539741329604245,4.5914696060304365,3.0,249.0,16.201361856276964,29.833657015903928,21.882951301115828,34.27124252446938
322,1.9220739308902504,63.93339672788026,3.5439555785008343,0.0,0.6085673297958668,6.351811695821536,92.97175971322075,4.641597449449528,3.0,351.0,17.685087054221107,373.7976391330834,32.40884459785877,9.356046381629035
323,1.5983421500153892,83.40251997940862,12.327353293259662,0.0,0.4172415211091883,6.378756725528023,3.213351951568464,4.663313238052983,19.0,262.0,16.55459087501765,32.65852064593998,19.31294344695302,23.572461052673706
324,0.2862272804316572,64.85337896677248,19.90229500290079,0.0,0.6064485295421929,7.782311988105528,4.720346983348191,3.8241257600120426,20.0,689.0,20.68725692051553,76.86582814886198,30.171494285997436,24.030152069824762
325,17.19342775225397,21.982572434759458,14.453610826565196,0.0,0.8417722217856136,8.115095470508324,99.77750967666086,4.557570225686672,8.0,354.0,21.604123275232492,70.03319007549524,5.9437450346722915,48.93055863904763
326,34.26863924819108,64.60695956725526,18.104042852749206,0.0,0.44244895605137036,3.9174982681156068,12.16565734598049,3.9184397671349256,2.0,254.0,16.57607449335254,30.531161809362253,31.090720540684405,38.699094391084245
327,39.61130971443157,27.268520861597665,15.462012694070006,0.0,0.6579797288705045,5.517833764256598,3.357833025170585,2.325803710268232,5.0,482.0,18.989463321422395,32.61649738464493,6.644874665813278,34.94565903747159
328,2.0128728484468716,21.697518699181035,19.767690659464154,0.0,0.6047617610499013,5.806188155525725,45.879013127999876,4.515958470430089,8.0,244.0,16.669676454544437,371.3601648995613,22.186614030282712,8.729693749253753
329,7.466092859357861,10.51169434958527,18.055821496219913,0.0,0.4914989261827634,3.6903627943087463,35.50475453391701,4.530550573953431,4.0,500.0,14.755712097216664,371.8092358249695,19.152703650769794,38.38644716354786
330,0.531372173969381,64.4141609253593,14.853918926868179,0.0,0.4094095135513741,3.9933770905316024,94.74651838513944,4.93465815798935,18.0,342.0,18.82478722475259,348.49995769586917,18.208016521166325,17.52028548252959
331,72.95251820900629,63.973950792812936,16.880651958247945,0.0,0.41213074224786894,4.531095031178058,5.1346413200995045,8.330447038687952,18.0,241.0,16.360739593221393,147.0515527830146,24.267497126799825,12.251422535439737
332,0.9246635665444067,11.614644882675304,9.44262570358352,0.0,0.5697928858944987,6.102538933097864,4.948701073212935,4.79373064356838,5.0,254.0,14.544145825911281,25.64719082430934,10.12984610693959,43.87571947809462
333,35.78155994936304,62.278721924628144,14.975073723514909,0.0,0.8451191734952731,4.900750713543355,7.2503184978021,2.173411075121708,2.0,685.0,16.567311087565926,74.43084099182396,19.03562779581429,7.544206661041816
334,70.95073038329564,1.6223430463953077,11.418097333029676,0.0,0.6085445919028075,7.748070580436763,92.89304374715032,2.4010571948717843,15.0,251.0,16.345388039958102,21.326308864879735,24.631380544842823,8.897036255779428
335,67.69413480275193,0.13928972827316408,17.86149178182433,0.0,0.6703077873217016,5.501210682997296,45.43643920411726,2.0817269277744757,19.0,687.0,18.97677720502076,39.12873382316393,31.139607390656337,44.36453263181361
336,0.6535796328537584,0.21698438962258026,9.759479392970787,0.0,0.5599042441614026,8.081993442288164,3.758459872514403,2.5275218922520755,3.0,365.0,16.82049420322865,39.7761120819905,24.298388990808224,23.7410020816368
337,5.335482550947245,81.84352062941029,14.197721382343008,0.0,0.6037363332103295,8.417154722445007,71.20224386030338,4.692306152101666,23.0,350.0,16.755308357734542,77.5891096740489,21.780846089079976,38.56604635529988
338,32.82745092506037,1.0440045972845624,14.984417518250266,0.0,0.4553858745217318,6.018388386769227,68.15359754152522,7.563760285494988,18.0,248.0,21.998111026007802,37.74174182613186,9.115791583501137,34.699391233077804
339,2.4349203763132707,2.6201955890690143,14.722730763951372,0.0,0.7943604423261393,4.826193547614613,4.484568016248156,7.495706819748214,3.0,687.0,21.196016067517416,39.131153487589586,9.35319535468803,9.785270308526037
340,5.128024030145445,60.93892517824809,14.42561583593438,0.0,0.7268227227981944,5.569177052210946,78.21014562032283,4.693818723531296,7.0,500.0,20.444240227816124,71.72348544532625,31.895608551963658,37.89625766362602
341,4.404450726052818,1.0041160402643807,17.453626400533068,0.0,0.8267043875023821,7.306530742464256,9.426689795477674,4.941723982912978,3.0,357.0,17.502511283095522,373.81364850517843,3.170307924942798,21.635881074275353
342,17.724623605175424,63.36333940658815,3.4054075641021124,0.0,0.5607935125508523,5.58175740463418,7.087197671000389,5.459051104410033,2.0,251.0,16.769372519954693,23.826993415582372,22.746180710275222,35.10311350886539
343,0.6626971540776964,63.67801328380858,17.28312029678285,0.0,0.5533582091606768,5.491266009084785,64.73136198259876,3.754153904003464,18.0,254.0,14.768262925801883,386.1730754497879,31.367232023604963,24.325634199453543
344,72.98789833433132,81.56116047937053,12.265702756792093,0.0,0.4428808770241949,5.9730308540438655,4.761119671299777,4.911929033976313,10.0,297.0,16.079860647460922,139.57742441448514,18.051249887661683,31.120565736889763
345,3.0295583942639843,64.29997199716686,12.021926298591156,0.0,0.8420193766855373,6.254909932059693,3.5068377985386454,2.1387404591363146,8.0,287.0,16.803315301745776,364.26899774044966,21.108961870156026,47.793167661007345
346,26.153040043096023,21.273195873278553,17.586275009140167,0.0,0.7357902688481326,8.326392908775967,93.7362953979815,4.538758298058366,3.0,352.0,16.285349580224565,147.74784591136637,23.202684462078626,23.221405823538774
347,2.2078856008164056,61.71970188140779,20.297255970749376,0.0,0.44286424540071484,4.761767349886897,5.524742329883275,2.4779737591456876,3.0,262.0,17.532039022013233,360.6790957857604,18.055473207640425,23.10707622180769
348,35.225254621492006,63.562401951848045,15.219290543512274,0.0,0.5736979577310461,5.3818669619279955,3.633577043005692,4.6183286585349945,19.0,259.0,16.559834139137646,73.94667957772499,31.840485073533554,23.076276209851763
349,81.5136747759876,60.22251450664605,17.29637413668153,0.0,0.5700629922173563,5.55675914042275,32.1988799681714,4.86508430136864,2.0,352.0,16.5495381913098,63.30462826990823,31.346331606496534,23.47547909656529
350,33.36308931515126,14.670917300580955,9.752880291826395,0.0,0.4401444199695723,5.618397702546084,5.8922184687307535,4.627421196751835,1.0,200.0,20.78037149465599,142.30461061745223,29.65424314688041,31.79832214443063
351,2.222316104403973,60.36168865893813,16.937102386845876,0.0,0.44776229753668434,3.9376666963421774,5.40403517481036,3.540250946213134,3.0,248.0,20.26568635182637,134.15499052638546,3.0581782657694268,36.67232701180727
352,7.435608150717179,22.3046552946903,17.411427874570233,0.0,0.8395036242539393,5.386157006249722,93.08383537504568,2.4803992067798806,3.0,317.0,20.198652784417757,137.33876395692315,24.25963576021592,43.68491957183417
353,14.250359125246517,3.6216471539302466,9.124564638956294,0.0,0.57519799762664,7.744164398331898,9.774006190487766,3.6837281840344045,19.0,262.0,16.75027394384588,78.15354674737198,19.033821611125166,8.547570720406773
354,24.961350901815386,10.23734267492399,14.715955991193958,0.0,0.8388554516235744,5.395049864953289,5.173016577443267,3.7457565121141085,7.0,306.0,14.53727320609144,76.9956349793012,19.294025466019544,35.101895775523495
355,32.118988808797205,24.045013428185886,17.96490739521147,0.0,0.42487015383292287,5.434590515337715,67.91537426416222,4.511516054021038,1.0,258.0,16.65276217945784,123.23466152307356,19.233976593566545,35.74797961164152
356,1.5168530042128083,64.89446671655708,9.342912782265564,0.0,0.5695804269221713,8.155386814640117,3.3214774783825103,4.794616768822391,1.0,242.0,16.434805000352544,91.6366183477297,24.336110205866234,34.71582033386382
357,4.288124613526062,52.30255836397814,4.534604425546156,0.0,0.4358368380637225,7.176070964201794,20.06390637239266,4.879942439733762,4.0,313.0,16.767888761634236,387.61905046231783,20.82258558856948,38.05103290463352
358,8.45404586313271,50.59061818143784,18.003032422455245,0.0,0.43226809414706485,6.110358183614327,90.8803885381305,1.7139058008112515,8.0,249.0,14.587070241626295,120.3092687897819,19.206479991475206,47.91826306362812
359,83.71860670880253,20.4073849782774,14.262106960606962,0.0,0.5724706584246065,7.418391074272458,20.734787252136854,4.929883501740106,2.0,273.0,18.769098588377847,123.85478768534364,30.746366403929844,37.29521671016709
360,0.15980963649601518,60.49365218081568,17.260240054506113,0.0,0.44023076844428777,3.8669677963093467,79.36342523539427,1.912149216291746,8.0,301.0,16.36835574119025,388.41966117342355,18.079987473496878,12.711394039880485
361,80.7392211864306,83.82720687068237,18.222997584082673,0.0,0.6691241218667335,5.929620017497561,61.97529548262601,1.871240782210824,4.0,525.0,14.905223556645856,37.17902377492942,31.565490267521856,49.13187994925785
362,32.28851564456039,82.0700642423426,15.100839666714043,0.0,0.667385863696503,4.068559997009818,3.8744626317088535,4.10241986537532,3.0,661.0,16.730674414054842,74.77803752679444,6.635727138732024,41.03949840537711
363,16.840162273590042,29.596170790995156,14.126189897156367,0.0,0.498210090131331,4.686850155999858,76.8936525043986,3.9444424397258837,4.0,292.0,21.677396520715494,75.91283573084945,19.76119366529926,23.072319259185225
364,83.82632675150371,82.20319888043242,15.308420134221016,0.0,0.8316074879954178,4.028800641886246,93.19576662849711,4.685931432316176,2.0,252.0,14.88630949693634,366.26045023273997,31.67585143501768,9.758994129177907
365,15.945043482136235,60.38571655072304,17.091719667644846,0.0,0.6662281732716685,5.370726556954949,4.870640016682564,7.856526448701003,23.0,492.0,14.718771975824632,376.1522144431648,22.883344410786115,37.85351410738178
366,52.13435834413932,62.134677937590006,20.120472699942557,0.0,0.5711386617054399,5.624222385701173,94.59895962210504,4.9263252794426755,23.0,253.0,18.812952333888166,71.93002103574528,25.14273943175623,48.7392566907395
367,8.044995015486846,13.774139467127782,16.912621613392385,0.0,0.6572002424771672,7.95465777126053,83.24038059720597,5.61760585352028,4.0,268.0,16.626764259053438,362.77468507703543,20.03029153581348,13.30973069151828
368,80.3744101962668,4.145838826368209,14.524551666220942,0.0,0.6646446955946013,5.525274727736663,92.84196410115618,7.977208916428884,4.0,260.0,14.493426467782658,26.712594903875782,20.08091911444182,35.25705982471512
369,31.522312486343093,0.19195519107860523,11.903298445668224,0.0,0.5580243022240567,6.124525881581328,3.956993623572476,4.510629132708286,23.0,303.0,16.216977300827086,126.7182322428926,9.841659215047287,7.266818075008338
370,52.8050295909766,60.90194695628167,19.627243047915485,0.0,0.557664391104452,7.648631553793496,8.19611196770938,4.498699030643387,18.0,252.0,20.717487207556495,121.88611656227678,15.441766988524433,7.802948453226605
371,0.177387927573678,12.450067260118221,9.690939090934604,0.0,0.5772387719775218,7.514145940210439,85.0694669993728,4.503493250431939,15.0,418.0,16.535687944496416,72.56125106986636,31.272626825611844,38.596928112312064
372,58.838056422335974,50.640427389758045,17.7982810174329,0.0,0.6067264975567804,7.388061162578841,3.3793760312612737,7.776191867988767,5.0,483.0,16.29550508346295,30.791553828048215,20.549937726900897,40.623538788268114
373,31.32652932674213,64.35546320971086,20.044153263305848,0.0,0.7955063874138808,5.469884899852818,90.92224248261319,4.419554965013915,3.0,688.0,16.182989269367344,76.1375452248017,21.425672276557673,24.690771673335124
374,0.06993535529793435,64.67230444223074,17.96720264250215,0.0,0.4450161205488579,6.013850016886288,91.23822209545523,5.665933053774264,19.0,241.0,19.160859259474563,121.22496731963732,24.436700724461918,25.961600760192923
375,3.7599531889301367,61.59798499176909,14.2056033383967,0.0,0.7848541335628251,3.9129983797266905,44.5404920150608,4.52176538449097,4.0,258.0,16.466509678496763,62.851571578866285,2.7677376494975077,38.12336041137157
376,72.65287105914578,2.17139263117286,11.445664730974464,0.0,0.41755751226493587,3.910788205004282,35.13250735800743,3.5914820456615137,8.0,686.0,14.48314229915826,125.99538698369996,23.344036780126366,41.62231042380551
377,80.79404076893834,27.78527032210028,14.58419312161244,0.0,0.6624140905095842,5.776891823493883,4.992835811719316,2.062531514181004,4.0,517.0,19.110435221971372,24.45020311320171,31.80034883872827,23.074545578142942
378,14.013824609633273,61.42752895541795,18.05811157707769,0.0,0.5642667468533573,7.37772995377914,4.814290010674924,2.835305285433371,14.0,477.0,14.766285926937053,25.128693806593283,20.6872366083461,37.379710969144426
379,34.064362232883376,62.70537848729781,17.85982194540612,0.0,0.7875290856121644,6.065408609381216,6.010444661004499,4.863961268981482,2.0,504.0,15.952543417545419,364.2224756807874,20.172961289466556,22.30870557366157
380,84.38801560003539,1.001931152596288,20.473041313547558,0.0,0.6604549176538599,7.890517728221861,96.41746855736329,4.519650210807355,3.0,250.0,16.00914445608542,27.167225084535303,20.196222332865084,25.79814218436658
381,15.598290102558204,1.479689462640949,17.59557154287518,0.0,0.5750740134818667,7.695885357781786,94.17618692374488,3.55606512939551,3.0,509.0,16.335136886005852,69.87300101079282,31.63763721354134,38.72379247415665
382,84.08770757987564,22.208918165938385,17.92433619483383,0.0,0.6093755505288198,3.6981623174443032,6.005693882859014,4.8551158088543716,4.0,504.0,20.86130285774836,153.79032125176943,23.556107993316164,34.96072394989192
383,33.38082860786828,3.0213728604666708,18.754277209508633,0.0,0.5611378239827639,6.234090017255,98.07189804311126,4.538321472731521,3.0,264.0,16.15025200980741,367.54747058857527,29.832411601370822,31.155510124564323
384,82.6320802728863,27.680825130431217,14.141859222821045,0.0,0.7854774025830467,6.196864349800276,17.60519591855329,2.480814719510505,5.0,369.0,16.25230594149911,77.47908136267078,28.69401091848549,34.486904737434216
385,83.09783260924932,1.3012448235533671,15.194479446711389,0.0,0.5778224751969416,8.446363940460506,9.431792194837893,4.930478932953143,1.0,683.0,16.783604986550433,120.54646704394355,6.057817490351477,7.449098149261516
386,79.21224495554952,61.15893937709028,14.359833044371195,0.0,0.5556811508816635,3.6116084543411118,6.631692117326422,4.6901862289659455,23.0,501.0,16.073390179912447,132.30758869790625,32.24136624894486,24.802504930996154
387,3.3765178654958783,10.593651183503555,17.356766671176423,0.0,0.5483789508587052,5.9324314361947055,91.28968159521727,4.537996711597527,5.0,499.0,20.977514376424722,33.261495387381004,24.8357800388997,24.34522923734029
388,35.55215616200032,63.91746817946086,17.315779149616958,0.0,0.6038459600808089,3.865369799196321,98.27401922530157,4.826611163472964,2.0,359.0,16.76846874473796,98.11890531766561,24.948079114874375,7.488947281273217
389,7.777685051842031,0.4899983361642342,14.268270713774253,0.0,0.5649381031780941,3.9891201048435727,12.487264238516495,4.217309273906216,15.0,250.0,21.508883275591913,31.56494441362604,5.966485424924599,21.63100248474519
390,4.035260979264036,83.66442503089681,3.6664698792778236,0.0,0.622270236167601,6.300951250041296,82.71882402669641,5.681108548702868,3.0,704.0,14.705789603216607,391.1639064406268,31.826882281107515,42.4132348276605
391,5.3716701088147545,61.2438684783155,14.341546501388647,0.0,0.4444397226575225,7.306354561691472,10.269633955297085,2.034011672429207,2.0,332.0,21.479539161703403,346.52346339963947,21.032962524703876,45.05896348633131
392,2.3860495195251747,26.422784920028914,14.940242864235788,0.0,0.4440365809728037,7.327312213689186,3.925629298011466,1.867245077194497,19.0,272.0,16.276956862707355,61.27616477869265,30.90206142533964,30.736330287651775
393,82.74214396023916,13.680417165053997,20.44728446399798,0.0,0.5612531689442452,3.803841461146192,32.06406638999251,4.549046048203804,3.0,495.0,21.75072120106215,61.7835486029217,20.158335738410297,30.781657336224256
394,3.6786510597053894,13.29810395860818,16.84661389813053,0.0,0.5666448240080931,5.5907644444997,67.16369849855388,7.535500976969433,2.0,479.0,16.69741706509802,88.67091780376387,24.691445231062406,31.720738822930716
395,82.22433614201735,63.709607777577794,17.450633062620394,0.0,0.5363467058421231,4.053112293086274,5.188218813449388,3.931792583529181,1.0,283.0,16.42346906628062,72.2491381399721,32.02831080913998,49.07286052562899
396,3.524328079182188,2.573991709265779,17.58372782344788,0.0,0.440489567342754,4.865983552745059,93.22373749770443,2.3326704632828776,15.0,291.0,14.829904547569544,87.20829331464446,19.92356120162403,49.48581212482498
397,1.7321464287958617,64.29547909832635,15.288948324410407,0.0,0.42517503353442476,4.0509119782468455,65.21843737490985,7.874770609677573,8.0,254.0,20.306225943930365,360.9026901412345,18.91728457485827,24.234084789892783
398,2.6130255778496685,25.608969456877357,14.776586707159804,0.0,0.4238665634642873,4.343694737122177,4.304594567971057,2.330322052156482,1.0,244.0,16.749117669307033,96.84486421533234,20.719170891943577,8.80766698740231
399,3.7927354033003655,28.225984807032525,16.937734395938218,0.0,0.5533879560240809,5.535621408428088,72.4675107775484,4.020621781744188,3.0,485.0,21.692136567723313,356.41062415646553,18.8070845611422,9.0655613542928
400,8.004976768850023,60.59122156244328,8.714551371086962,0.0,0.5786435186774089,5.60874086846559,93.78874913960169,4.904063742367863,15.0,358.0,20.494847404561767,66.63229684290974,30.292801064663955,24.875934631111388
401,83.00180383715816,63.68641684072714,18.003916789146043,0.0,0.66499383869494,8.338336055909123,10.98008553274913,3.643630695899864,2.0,251.0,16.496358482538472,124.81478286003652,32.48089955014438,25.664448249442533
402,0.002943313785073806,81.79452330729227,4.266554914332819,0.0,0.5572276232552442,5.476668596377387,84.04900672818844,2.916006827214036,4.0,244.0,16.594404359849744,122.09211177599914,1.7849551782236768,24.58550568732491
403,80.88869965853182,23.374410521855552,17.998922978090796,0.0,0.7810876451907032,7.777856030851788,36.28921752335133,4.959313780049438,4.0,203.0,16.076674829374728,138.6040426528914,23.346453466027015,44.85576631454814
